ID,Prix,Quantite,Remise
1001,406.39,24,10
1002,201.25,38,0
1003,187.81,48,0
1004,121.29,49,15
1005,386.74,26,5
1006,350.81,36,5
1007,463.68,13,5
1008,285.73,22,15
1009,283.22,25,20
1010,451.69,13,5
1011,159.31,35,0
1012,69.75,3,30
1013,382.8,47,30
1014,274.55,10,10
1015,99.66,42,30
1016,195.4,21,15
1017,481.56,18,30
1018,329.24,32,30
1019,362.53,29,20
1020,442.24,7,10
1021,370.23,37,15
1022,114.8,24,10
1023,426.46,12,0
1024,307.0,11,15
1025,107.2,48,5
1026,5.38,36,0
1027,238.49,48,10
1028,235.8,49,15
1029,212.12,9,15
1030,126.17,43,0
1031,113.71,44,0
1032,58.1,3,30
1033,206.01,32,0
1034,362.4,11,0
1035,174.33,46,30
1036,160.8,33,15
1037,410.07,9,10
1038,54.02,35,5
1039,266.35,34,5
1040,428.16,37,10
1041,384.69,48,30
1042,447.98,36,15
1043,46.43,25,5
1044,36.95,38,30
1045,244.02,33,30
1046,104.62,45,10
1047,225.47,27,30
1048,337.77,37,0
1049,128.74,13,5
1050,147.63,42,5
1051,337.72,22,30
1052,78.93,49,15
1053,478.33,29,0
1054,254.8,20,30
1055,389.66,7,10
1056,417.46,46,15
1057,83.31,48,0
1058,180.05,49,15
1059,200.3,4,15
1060,172.28,2,20
1061,418.7,12,15
1062,427.01,37,15
1063,185.53,7,5
1064,463.69,15,5
1065,418.35,16,15
1066,98.92,14,10
1067,376.7,36,10
1068,213.83,40,15
1069,456.65,39,5
1070,263.33,2,30
1071,154.59,3,15
1072,440.78,1,30
1073,373.51,45,0
1074,490.56,9,10
1075,280.09,37,5
1076,464.55,23,20
1077,287.19,34,15
1078,210.87,13,15
1079,100.25,31,5
1080,480.4,4,15
1081,263.22,8,0
1082,170.92,18,0
1083,445.46,12,10
1084,347.07,32,5
1085,228.49,47,30
1086,247.29,16,20
1087,246.34,44,5
1088,370.31,22,15
1089,38.38,49,15
1090,268.64,5,15
1091,213.71,18,15
1092,381.41,23,10
1093,57.98,16,30
1094,310.32,7,30
1095,312.99,21,5
1096,44.43,7,0
1097,349.99,18,15
1098,247.0,45,30
1099,232.1,1,5
1100,138.19,28,20
1101,60.92,49,0
1102,133.54,5,5
1103,19.06,16,10
1104,250.49,15,30
1105,359.64,24,15
1106,113.66,49,30
1107,279.67,19,15
1108,205.46,18,0
1109,245.6,17,5
1110,365.61,42,0
1111,189.99,1,5
1112,301.39,36,5
1113,231.85,38,30
1114,84.81,25,15
1115,147.92,16,20
1116,374.73,40,30
1117,325.51,2,10
1118,182.87,19,30
1119,371.13,31,20
1120,352.3,1,30
1121,314.1,45,15
1122,285.95,43,15
1123,283.81,41,0
1124,475.06,33,30
1125,43.58,21,20
1126,7.41,48,15
1127,307.65,32,30
1128,467.65,35,30
1129,317.62,34,5
1130,405.01,29,30
1131,23.06,25,5
1132,423.76,38,20
1133,306.8,29,15
1134,159.03,48,15
1135,483.58,2,20
1136,73.65,48,10
1137,347.41,38,10
1138,381.97,34,10
1139,282.72,21,30
1140,44.0,18,30
1141,324.0,22,0
1142,216.08,8,30
1143,137.34,1,10
1144,230.44,24,15
1145,329.44,2,30
1146,300.16,31,30
1147,378.94,48,20
1148,185.6,21,10
1149,265.05,35,20
1150,196.78,8,15
1151,363.05,20,20
1152,414.97,48,20
1153,494.7,31,15
1154,294.69,16,20
1155,437.94,40,15
1156,310.64,44,0
1157,432.02,37,30
1158,223.9,42,5
1159,152.8,11,20
1160,346.17,3,30
1161,256.46,49,10
1162,191.85,33,30
1163,230.66,15,30
1164,27.2,25,30
1165,441.93,29,10
1166,183.67,1,10
1167,353.44,32,30
1168,380.98,4,30
1169,389.81,31,15
1170,383.46,8,5
1171,315.8,47,15
1172,226.39,9,10
1173,359.56,6,10
1174,488.47,39,0
1175,427.32,38,30
1176,79.5,34,5
1177,6.76,9,20
1178,204.97,27,30
1179,235.73,39,15
1180,219.16,25,30
1181,219.2,40,10
1182,402.61,21,5
1183,326.99,10,0
1184,30.69,38,5
1185,234.06,47,0
1186,134.91,36,20
1187,219.18,46,10
1188,48.63,5,30
1189,122.91,33,30
1190,161.12,48,15
1191,425.67,1,10
1192,13.6,11,10
1193,442.88,6,15
1194,434.46,41,0
1195,272.03,11,15
1196,493.43,1,10
1197,28.6,20,0
1198,7.02,21,10
1199,146.21,30,30
1200,458.6,27,0
1201,298.24,30,15
1202,302.24,23,5
1203,199.46,26,30
1204,201.58,38,15
1205,384.5,40,10
1206,434.54,34,5
1207,259.76,7,30
1208,62.04,41,30
1209,348.05,47,10
1210,90.93,47,10
1211,306.6,49,0
1212,10.08,27,0
1213,87.95,46,0
1214,297.46,6,5
1215,463.38,47,0
1216,417.35,38,10
1217,214.55,21,15
1218,162.05,8,10
1219,245.61,26,0
1220,456.31,25,0
1221,222.14,46,0
1222,295.51,34,10
1223,192.36,33,0
1224,413.02,13,5
1225,75.67,50,30
1226,333.86,1,10
1227,216.37,50,10
1228,391.74,21,15
1229,266.89,26,10
1230,372.82,12,10
1231,335.65,25,0
1232,71.83,9,0
1233,416.84,39,10
1234,311.84,27,15
1235,348.4,12,10
1236,204.91,15,10
1237,9.44,30,20
1238,359.64,37,30
1239,9.96,22,20
1240,205.09,28,10
1241,184.24,18,5
1242,353.42,24,20
1243,347.48,9,0
1244,395.69,25,5
1245,183.86,41,0
1246,108.26,47,15
1247,300.75,42,30
1248,345.96,35,10
1249,237.99,29,30
1250,37.29,15,0
1251,105.08,42,15
1252,218.24,8,10
1253,115.71,29,0
1254,205.24,21,30
1255,164.22,32,30
1256,446.87,25,30
1257,106.16,44,30
1258,401.93,1,5
1259,46.23,31,10
1260,14.99,23,15
1261,351.53,10,5
1262,145.23,32,20
1263,490.98,30,15
1264,244.19,13,30
1265,324.31,30,10
1266,371.82,45,15
1267,152.85,3,30
1268,453.94,14,30
1269,93.17,2,20
1270,128.83,18,30
1271,10.26,43,30
1272,67.22,8,20
1273,420.32,46,0
1274,471.83,26,30
1275,431.91,43,10
1276,149.09,48,20
1277,213.52,23,30
1278,70.97,38,20
1279,313.32,9,5
1280,279.88,31,20
1281,351.45,25,0
1282,369.94,35,30
1283,337.32,1,20
1284,32.39,16,10
1285,19.78,13,15
1286,32.99,37,5
1287,20.21,30,5
1288,160.83,17,10
1289,449.85,50,15
1290,55.03,5,30
1291,282.68,26,10
1292,106.3,30,10
1293,123.91,48,5
1294,334.42,31,30
1295,488.37,25,15
1296,342.82,38,15
1297,343.07,18,10
1298,454.85,40,10
1299,334.49,41,0
1300,145.7,4,5
1301,283.4,26,15
1302,127.79,35,10
1303,161.6,9,20
1304,316.39,3,0
1305,163.08,33,20
1306,479.86,46,30
1307,484.89,1,10
1308,437.71,43,5
1309,484.66,45,15
1310,458.21,44,20
1311,331.74,32,30
1312,129.17,33,10
1313,130.33,7,0
1314,431.03,10,30
1315,317.78,29,15
1316,366.86,17,10
1317,465.89,41,10
1318,355.29,5,30
1319,398.64,36,10
1320,170.91,46,0
1321,387.22,48,30
1322,373.52,21,10
1323,124.43,21,30
1324,53.36,15,0
1325,259.87,37,15
1326,61.49,11,0
1327,499.7,36,30
1328,361.04,37,5
1329,38.4,24,15
1330,182.67,33,15
1331,232.28,41,0
1332,152.65,14,10
1333,90.64,1,0
1334,333.08,17,10
1335,369.66,44,0
1336,445.2,9,30
1337,217.28,29,20
1338,337.18,38,15
1339,30.78,33,20
1340,186.4,3,0
1341,435.53,43,30
1342,344.68,9,10
1343,389.98,45,15
1344,449.84,40,10
1345,285.82,26,10
1346,267.75,36,10
1347,70.76,37,0
1348,450.95,11,5
1349,434.92,21,5
1350,443.07,42,20
1351,356.38,32,0
1352,196.47,47,5
1353,407.34,33,20
1354,112.55,27,20
1355,375.58,1,0
1356,400.5,42,15
1357,24.99,9,20
1358,432.3,15,0
1359,74.01,49,5
1360,356.06,19,0
1361,469.21,42,30
1362,5.74,8,5
1363,327.12,22,20
1364,467.91,44,10
1365,73.86,1,0
1366,361.98,20,30
1367,267.72,1,5
1368,414.47,24,15
1369,394.36,8,10
1370,70.14,15,0
1371,130.96,37,0
1372,423.28,10,20
1373,93.11,30,30
1374,68.76,7,5
1375,55.68,33,0
1376,484.67,16,30
1377,275.61,45,0
1378,420.22,40,10
1379,308.24,49,5
1380,124.45,1,10
1381,482.4,47,20
1382,335.84,44,5
1383,327.61,28,10
1384,21.33,29,10
1385,415.64,39,5
1386,10.34,17,20
1387,5.76,25,10
1388,143.21,45,20
1389,290.74,13,0
1390,499.47,50,10
1391,106.24,18,5
1392,82.29,2,5
1393,254.84,16,20
1394,209.31,31,20
1395,490.0,18,10
1396,339.17,4,30
1397,83.6,20,20
1398,371.62,35,5
1399,293.24,27,10
1400,183.42,5,15
1401,446.3,27,15
1402,289.69,49,15
1403,310.64,31,5
1404,211.88,40,30
1405,382.34,33,10
1406,405.04,39,15
1407,384.63,2,5
1408,424.71,46,5
1409,136.55,9,20
1410,362.41,38,5
1411,361.81,50,20
1412,75.25,43,30
1413,254.6,16,5
1414,478.46,50,10
1415,188.92,43,30
1416,168.11,45,10
1417,408.35,29,0
1418,18.03,16,10
1419,366.6,40,5
1420,17.94,19,10
1421,299.66,11,5
1422,464.46,6,5
1423,164.86,45,10
1424,140.29,13,5
1425,86.53,10,5
1426,48.68,45,0
1427,137.57,12,0
1428,113.83,2,0
1429,322.51,2,15
1430,223.65,20,0
1431,269.63,21,30
1432,92.13,24,10
1433,193.89,8,30
1434,465.97,33,20
1435,178.37,31,10
1436,101.3,32,20
1437,161.69,7,30
1438,139.58,42,15
1439,465.98,14,30
1440,383.75,39,30
1441,360.49,2,10
1442,264.21,6,10
1443,393.28,26,5
1444,57.37,50,20
1445,377.92,23,30
1446,159.96,30,20
1447,42.49,17,0
1448,33.04,40,0
1449,469.84,42,20
1450,61.2,44,30
1451,23.49,22,0
1452,292.77,40,10
1453,381.16,19,0
1454,47.72,44,0
1455,172.77,49,15
1456,356.33,5,20
1457,351.11,48,5
1458,317.76,2,20
1459,217.89,45,20
1460,161.48,36,30
1461,136.56,2,15
1462,134.51,6,20
1463,36.2,5,15
1464,381.87,29,0
1465,45.09,46,20
1466,110.51,44,10
1467,164.2,9,15
1468,100.6,6,5
1469,31.29,2,15
1470,307.21,50,20
1471,247.4,21,10
1472,48.58,47,5
1473,402.21,8,30
1474,415.59,4,30
1475,213.44,3,10
1476,7.94,27,10
1477,177.6,25,20
1478,430.67,6,30
1479,382.15,26,0
1480,376.5,9,15
1481,289.15,16,30
1482,288.25,38,10
1483,201.72,16,10
1484,164.0,37,0
1485,227.34,20,15
1486,40.17,41,20
1487,173.34,5,0
1488,456.07,22,5
1489,128.42,9,20
1490,320.52,35,15
1491,268.75,29,0
1492,385.5,22,10
1493,414.63,19,10
1494,67.99,41,5
1495,427.92,40,5
1496,440.8,20,20
1497,433.06,27,20
1498,427.68,49,30
1499,350.65,26,5
1500,328.74,45,30
1501,239.63,42,0
1502,156.53,26,20
1503,284.23,9,0
1504,276.6,7,5
1505,35.61,27,10
1506,380.01,38,20
1507,183.07,50,30
1508,252.24,37,10
1509,84.51,1,15
1510,149.79,27,15
1511,290.35,34,5
1512,119.24,34,15
1513,353.86,29,15
1514,462.09,17,5
1515,169.5,30,10
1516,324.32,12,20
1517,335.47,29,20
1518,182.82,15,5
1519,457.43,3,0
1520,492.18,8,5
1521,335.22,17,30
1522,23.46,19,15
1523,356.03,34,30
1524,298.22,38,5
1525,365.93,49,15
1526,192.59,18,30
1527,441.73,13,10
1528,357.04,41,5
1529,338.11,11,10
1530,132.83,2,0
1531,349.38,39,0
1532,93.83,36,5
1533,373.25,21,15
1534,355.03,2,20
1535,242.13,35,30
1536,150.38,12,15
1537,34.09,46,10
1538,313.04,25,30
1539,9.53,2,0
1540,371.25,32,10
1541,240.57,19,0
1542,187.64,27,20
1543,168.79,17,30
1544,159.96,15,30
1545,182.66,47,5
1546,101.03,36,10
1547,267.6,50,10
1548,272.59,48,5
1549,149.71,8,20
1550,340.79,41,10
1551,471.79,23,20
1552,486.96,29,10
1553,394.69,22,10
1554,34.03,49,0
1555,406.08,5,30
1556,197.48,20,0
1557,175.36,29,10
1558,409.82,45,15
1559,346.82,49,20
1560,106.88,37,15
1561,237.87,8,10
1562,353.72,7,30
1563,450.65,17,10
1564,197.81,38,30
1565,440.98,34,0
1566,239.91,5,0
1567,371.56,17,30
1568,272.42,31,30
1569,280.54,11,5
1570,186.07,14,5
1571,274.86,48,5
1572,313.11,39,20
1573,454.0,11,10
1574,485.09,22,5
1575,148.38,28,30
1576,348.15,22,30
1577,259.45,6,30
1578,86.04,18,15
1579,140.79,36,20
1580,164.26,43,10
1581,302.62,32,30
1582,155.46,3,5
1583,425.55,33,30
1584,362.22,3,15
1585,367.46,41,30
1586,125.35,46,5
1587,438.09,25,0
1588,477.73,29,30
1589,212.19,30,0
1590,28.71,11,5
1591,384.04,36,0
1592,318.3,48,10
1593,272.2,13,15
1594,64.53,18,30
1595,208.3,25,15
1596,400.71,3,10
1597,222.23,14,0
1598,37.29,21,30
1599,142.59,27,10
1600,444.73,25,0
1601,432.16,26,30
1602,127.62,47,0
1603,386.9,22,0
1604,19.33,37,20
1605,186.49,46,0
1606,114.35,48,0
1607,411.16,35,20
1608,38.94,18,5
1609,332.69,14,20
1610,133.1,40,15
1611,401.6,18,30
1612,307.27,5,5
1613,317.77,40,5
1614,353.48,42,5
1615,163.5,2,5
1616,470.93,44,5
1617,288.76,31,30
1618,98.48,16,15
1619,394.06,28,10
1620,473.82,39,10
1621,194.53,17,5
1622,415.2,48,30
1623,174.51,13,30
1624,174.25,28,5
1625,457.19,4,0
1626,369.96,1,20
1627,445.61,5,30
1628,249.14,22,15
1629,212.16,18,30
1630,408.29,8,5
1631,238.23,23,5
1632,424.1,44,20
1633,452.59,3,20
1634,440.01,18,20
1635,250.8,25,20
1636,60.04,44,30
1637,378.85,5,0
1638,98.44,10,10
1639,132.59,42,0
1640,212.6,34,10
1641,209.73,12,0
1642,70.28,17,15
1643,343.05,13,15
1644,336.79,45,0
1645,166.07,15,10
1646,113.83,13,10
1647,89.69,36,15
1648,333.14,34,20
1649,84.06,47,30
1650,112.4,38,15
1651,377.87,21,20
1652,323.92,22,5
1653,405.01,13,0
1654,93.26,39,5
1655,429.35,10,30
1656,77.47,16,30
1657,279.62,40,0
1658,388.36,10,5
1659,259.52,34,0
1660,339.32,42,20
1661,406.22,44,10
1662,227.02,1,0
1663,336.48,18,0
1664,163.87,22,15
1665,46.52,14,5
1666,379.1,47,15
1667,157.51,29,0
1668,234.51,10,30
1669,393.65,5,10
1670,474.21,31,0
1671,110.11,4,15
1672,151.18,17,20
1673,267.52,30,15
1674,294.28,30,30
1675,355.11,3,20
1676,54.94,28,20
1677,11.39,38,30
1678,107.01,28,10
1679,366.93,2,30
1680,71.46,25,0
1681,45.99,24,15
1682,236.49,23,10
1683,89.07,20,30
1684,371.46,23,20
1685,485.59,28,15
1686,104.94,30,10
1687,305.46,49,15
1688,117.68,18,20
1689,430.92,22,0
1690,10.72,20,0
1691,321.12,11,30
1692,95.98,3,20
1693,106.13,45,15
1694,460.95,23,15
1695,166.92,18,30
1696,158.25,19,30
1697,487.14,13,20
1698,284.44,18,15
1699,268.24,36,5
1700,156.98,2,30
1701,9.29,36,0
1702,422.92,44,15
1703,491.34,3,15
1704,183.3,49,15
1705,17.3,48,5
1706,402.44,32,15
1707,221.69,34,15
1708,346.15,21,15
1709,69.55,7,5
1710,464.08,30,10
1711,453.2,42,0
1712,430.81,13,20
1713,183.64,35,20
1714,135.83,47,15
1715,338.94,50,15
1716,244.27,8,15
1717,203.97,29,5
1718,390.08,36,5
1719,34.56,3,30
1720,258.16,41,30
1721,45.45,3,5
1722,163.53,50,15
1723,282.73,39,10
1724,206.94,33,20
1725,378.15,37,20
1726,25.93,13,15
1727,223.77,26,5
1728,160.1,21,10
1729,237.7,39,20
1730,241.5,18,0
1731,348.11,45,0
1732,329.32,11,15
1733,406.7,3,10
1734,219.5,27,15
1735,470.66,16,20
1736,457.96,23,5
1737,348.65,18,30
1738,378.28,45,30
1739,40.44,49,20
1740,391.47,37,5
1741,92.43,18,5
1742,147.25,29,10
1743,262.23,44,30
1744,382.55,21,15
1745,309.69,22,5
1746,15.28,40,20
1747,143.97,46,10
1748,385.68,3,20
1749,321.55,31,30
1750,144.64,15,10
1751,437.58,34,0
1752,472.12,44,10
1753,229.25,20,15
1754,310.83,9,20
1755,289.2,2,10
1756,415.22,25,20
1757,18.1,29,20
1758,173.85,15,30
1759,198.8,21,20
1760,24.52,37,10
1761,407.81,22,15
1762,376.46,16,5
1763,420.5,48,30
1764,303.87,12,0
1765,143.61,15,30
1766,81.91,50,0
1767,398.18,22,10
1768,230.09,26,0
1769,114.56,22,30
1770,17.49,13,15
1771,72.85,48,15
1772,164.98,35,30
1773,260.45,43,0
1774,250.97,10,15
1775,226.05,13,0
1776,309.85,32,10
1777,420.94,5,20
1778,191.15,25,20
1779,243.66,28,15
1780,248.54,20,15
1781,69.0,24,5
1782,206.16,42,5
1783,265.89,6,10
1784,482.63,49,10
1785,204.42,50,20
1786,388.98,22,30
1787,282.14,21,5
1788,362.1,43,0
1789,145.8,34,20
1790,341.1,20,15
1791,176.56,49,30
1792,215.41,41,30
1793,271.95,43,5
1794,180.52,27,15
1795,204.04,22,30
1796,207.56,42,15
1797,124.04,25,15
1798,13.32,18,20
1799,250.35,16,15
1800,489.47,40,0
1801,360.84,39,5
1802,481.35,6,30
1803,327.38,41,5
1804,250.42,30,5
1805,274.97,20,5
1806,405.26,39,10
1807,380.92,12,5
1808,277.53,11,20
1809,257.85,36,10
1810,182.58,31,15
1811,186.92,6,5
1812,268.46,9,0
1813,311.76,19,20
1814,89.62,47,5
1815,201.69,40,5
1816,79.1,37,0
1817,18.82,35,0
1818,52.93,26,10
1819,409.73,24,5
1820,21.61,41,15
1821,385.43,21,30
1822,188.49,33,30
1823,271.32,23,5
1824,43.84,2,10
1825,385.05,29,5
1826,269.05,9,20
1827,208.01,46,30
1828,299.84,11,30
1829,314.37,14,10
1830,9.19,24,5
1831,39.92,2,10
1832,407.43,25,15
1833,312.02,3,30
1834,453.18,14,0
1835,262.31,27,30
1836,186.89,28,15
1837,237.96,39,5
1838,67.0,1,20
1839,201.72,17,15
1840,388.47,46,20
1841,42.92,13,10
1842,105.74,17,10
1843,404.13,42,30
1844,151.37,36,0
1845,115.69,49,30
1846,454.02,30,20
1847,371.63,37,5
1848,5.87,3,20
1849,337.25,19,30
1850,330.54,8,5
1851,361.28,4,10
1852,118.53,17,15
1853,489.87,49,10
1854,376.35,38,15
1855,473.49,43,15
1856,371.63,26,15
1857,121.69,50,15
1858,203.31,8,5
1859,400.62,47,20
1860,277.87,10,10
1861,416.04,46,20
1862,419.63,9,10
1863,51.99,4,20
1864,207.41,45,10
1865,168.0,44,0
1866,265.38,12,20
1867,333.37,32,0
1868,384.58,17,20
1869,51.21,49,30
1870,293.12,36,0
1871,363.17,4,10
1872,24.99,12,5
1873,217.74,48,10
1874,153.15,36,30
1875,219.51,23,0
1876,433.75,18,30
1877,164.82,9,5
1878,192.7,14,10
1879,456.45,43,30
1880,340.5,3,10
1881,168.55,29,0
1882,220.01,32,0
1883,8.89,49,30
1884,133.88,22,5
1885,407.18,25,20
1886,308.53,16,30
1887,242.84,33,15
1888,390.02,33,0
1889,263.94,43,0
1890,69.73,20,5
1891,148.95,21,15
1892,373.49,7,5
1893,284.77,44,30
1894,314.11,47,15
1895,367.39,45,5
1896,236.59,10,5
1897,357.75,27,0
1898,464.77,38,10
1899,91.78,34,5
1900,127.75,8,5
1901,18.72,35,10
1902,370.59,30,20
1903,335.04,7,20
1904,403.83,48,20
1905,109.37,46,20
1906,359.82,3,0
1907,344.51,18,5
1908,93.72,48,30
1909,314.71,39,0
1910,300.81,7,20
1911,435.55,1,15
1912,444.61,1,20
1913,111.53,13,5
1914,489.2,45,20
1915,332.48,37,10
1916,129.31,20,20
1917,491.59,48,15
1918,456.49,30,5
1919,455.13,10,10
1920,343.91,27,15
1921,454.06,1,20
1922,364.17,14,10
1923,271.43,41,0
1924,180.63,25,30
1925,392.64,39,15
1926,199.94,18,5
1927,257.03,33,0
1928,246.3,41,10
1929,283.39,46,5
1930,154.22,18,30
1931,301.98,37,10
1932,76.09,35,0
1933,197.65,23,15
1934,121.99,12,15
1935,196.89,33,20
1936,271.94,30,5
1937,42.88,28,0
1938,311.08,49,5
1939,479.01,29,10
1940,216.8,26,30
1941,126.47,19,10
1942,447.34,17,20
1943,218.68,15,0
1944,352.59,41,20
1945,115.31,29,5
1946,63.93,49,5
1947,468.84,3,20
1948,256.83,27,15
1949,130.16,25,15
1950,40.33,21,30
1951,308.49,42,10
1952,307.39,2,15
1953,480.45,7,10
1954,212.05,24,20
1955,47.09,45,10
1956,361.69,20,30
1957,427.68,48,20
1958,28.96,5,0
1959,244.12,7,0
1960,46.47,37,30
1961,193.51,41,5
1962,37.96,6,15
1963,306.98,40,20
1964,429.21,6,15
1965,222.43,45,15
1966,421.56,15,15
1967,328.25,42,20
1968,126.94,10,20
1969,352.91,25,30
1970,63.46,49,15
1971,189.4,27,30
1972,432.31,36,0
1973,427.46,9,5
1974,109.23,33,5
1975,180.15,23,15
1976,54.24,23,30
1977,133.99,16,30
1978,123.44,33,0
1979,177.09,49,0
1980,40.55,20,15
1981,14.58,9,20
1982,225.98,26,20
1983,124.84,23,20
1984,318.52,2,15
1985,411.69,49,0
1986,374.61,47,20
1987,109.72,38,15
1988,268.39,8,20
1989,423.61,49,0
1990,360.65,21,10
1991,168.04,15,5
1992,426.78,43,0
1993,257.3,31,0
1994,341.27,27,5
1995,211.32,27,15
1996,325.61,20,15
1997,356.36,13,5
1998,141.52,43,0
1999,363.94,48,30
2000,313.16,27,15
2001,294.22,8,0
2002,72.01,15,10
2003,101.04,3,10
2004,324.25,37,0
2005,38.66,46,0
2006,18.14,39,30
2007,317.03,46,20
2008,379.6,36,15
2009,375.75,43,0
2010,55.72,36,10
2011,339.38,38,10
2012,436.2,23,10
2013,26.4,22,15
2014,218.99,9,30
2015,344.88,28,10
2016,28.16,26,5
2017,496.21,5,5
2018,32.87,34,15
2019,146.77,36,10
2020,12.27,1,10
2021,49.58,5,5
2022,26.88,23,15
2023,68.15,33,0
2024,112.4,24,10
2025,149.58,11,0
2026,396.7,13,0
2027,301.02,22,10
2028,358.38,36,30
2029,270.83,20,30
2030,489.6,21,15
2031,491.23,48,5
2032,124.22,25,10
2033,420.91,5,0
2034,310.38,20,10
2035,174.25,28,5
2036,307.14,31,5
2037,126.46,30,10
2038,136.27,30,5
2039,168.69,45,5
2040,406.39,30,15
2041,439.78,15,15
2042,238.46,19,5
2043,85.76,44,5
2044,22.96,17,5
2045,494.63,48,0
2046,299.74,44,15
2047,303.36,35,20
2048,133.06,29,20
2049,66.16,17,15
2050,137.43,8,20
2051,382.81,12,5
2052,65.51,30,20
2053,122.85,2,20
2054,303.62,1,30
2055,385.67,39,20
2056,410.13,41,5
2057,213.49,11,0
2058,212.22,43,10
2059,62.86,10,10
2060,396.86,36,15
2061,328.13,40,15
2062,234.53,22,20
2063,190.8,23,5
2064,432.12,18,0
2065,145.39,24,5
2066,246.49,13,0
2067,190.32,46,5
2068,432.23,11,0
2069,152.24,38,5
2070,484.56,38,20
2071,195.28,17,10
2072,435.88,49,5
2073,433.86,35,30
2074,160.44,39,20
2075,492.39,39,5
2076,212.86,25,10
2077,26.64,1,10
2078,293.59,32,30
2079,184.85,22,30
2080,404.6,13,30
2081,384.86,6,0
2082,312.04,28,0
2083,321.27,17,20
2084,297.41,24,0
2085,335.13,5,15
2086,114.58,17,10
2087,334.84,44,0
2088,95.34,33,0
2089,52.43,12,5
2090,490.36,23,20
2091,116.09,4,30
2092,316.58,17,10
2093,338.7,14,10
2094,219.95,37,20
2095,263.28,22,0
2096,368.64,17,10
2097,425.05,27,20
2098,309.45,9,5
2099,99.66,26,10
2100,24.9,36,5
2101,398.61,40,0
2102,378.33,34,30
2103,183.39,10,15
2104,382.2,16,5
2105,379.55,7,30
2106,442.72,36,15
2107,134.65,41,5
2108,304.94,4,15
2109,475.34,10,30
2110,238.97,46,30
2111,350.1,44,20
2112,135.26,28,30
2113,95.14,34,5
2114,123.48,2,20
2115,413.03,12,20
2116,432.9,11,30
2117,404.17,41,10
2118,238.02,33,20
2119,368.37,48,30
2120,53.98,12,10
2121,422.71,40,15
2122,292.87,43,30
2123,478.41,42,5
2124,222.4,48,20
2125,170.79,9,20
2126,323.48,4,5
2127,279.37,44,10
2128,197.84,33,30
2129,262.68,16,20
2130,77.42,11,15
2131,15.75,11,0
2132,479.19,44,15
2133,392.67,43,20
2134,204.76,21,5
2135,358.13,32,15
2136,335.28,17,5
2137,343.59,15,20
2138,346.22,48,0
2139,228.83,44,10
2140,152.24,30,0
2141,184.03,11,20
2142,364.19,36,15
2143,194.7,8,30
2144,89.89,42,0
2145,490.95,19,10
2146,231.92,50,30
2147,378.14,9,10
2148,257.64,30,15
2149,112.64,38,10
2150,216.76,14,0
2151,232.6,24,15
2152,126.57,26,20
2153,46.05,30,20
2154,286.37,39,20
2155,252.43,17,15
2156,417.98,33,10
2157,261.23,41,20
2158,65.14,19,5
2159,281.18,49,10
2160,304.29,35,5
2161,162.89,2,20
2162,97.51,40,30
2163,264.4,31,15
2164,272.46,43,0
2165,11.28,19,10
2166,271.42,32,20
2167,159.68,49,0
2168,97.39,23,0
2169,268.51,3,30
2170,361.69,48,20
2171,294.97,44,20
2172,493.04,16,5
2173,7.76,7,5
2174,335.94,46,5
2175,442.64,38,20
2176,133.74,38,20
2177,184.96,21,10
2178,268.97,44,10
2179,13.53,6,10
2180,38.61,11,10
2181,196.33,6,0
2182,115.89,37,30
2183,410.9,7,5
2184,288.34,44,5
2185,59.78,18,20
2186,419.89,22,0
2187,263.24,22,0
2188,153.07,9,15
2189,391.99,27,10
2190,461.23,46,15
2191,444.52,50,15
2192,119.86,3,5
2193,461.06,40,30
2194,406.13,4,0
2195,317.85,42,15
2196,476.71,9,0
2197,130.51,14,0
2198,131.03,17,15
2199,255.11,38,15
2200,344.81,11,0
2201,328.83,43,0
2202,292.27,47,30
2203,334.5,30,15
2204,322.11,34,10
2205,93.92,20,15
2206,383.45,49,0
2207,400.0,47,10
2208,260.6,27,10
2209,295.89,29,20
2210,462.91,46,5
2211,18.74,38,15
2212,117.03,8,20
2213,96.52,14,30
2214,497.49,38,0
2215,264.55,29,5
2216,389.23,21,10
2217,217.74,14,20
2218,31.82,6,30
2219,126.97,26,15
2220,493.18,3,30
2221,383.75,8,15
2222,350.04,43,0
2223,182.44,19,5
2224,210.6,32,20
2225,335.48,9,10
2226,377.78,12,5
2227,271.35,12,30
2228,220.42,22,5
2229,170.37,25,20
2230,336.28,18,30
2231,362.45,15,5
2232,233.92,21,10
2233,382.14,50,15
2234,303.46,13,15
2235,37.6,5,5
2236,70.76,4,15
2237,59.13,23,30
2238,379.18,9,30
2239,337.32,11,0
2240,369.75,34,0
2241,100.57,22,10
2242,295.01,4,15
2243,261.1,35,5
2244,420.29,21,15
2245,472.01,29,15
2246,430.34,8,30
2247,156.81,35,20
2248,442.13,21,30
2249,82.22,48,30
2250,233.64,13,15
2251,225.3,1,0
2252,477.21,25,10
2253,102.32,15,0
2254,414.71,1,10
2255,443.39,44,10
2256,437.62,2,10
2257,75.58,6,30
2258,314.26,6,20
2259,106.97,21,0
2260,281.36,30,30
2261,220.09,46,5
2262,234.2,35,10
2263,355.61,13,5
2264,134.97,10,20
2265,226.98,49,15
2266,180.89,28,10
2267,165.23,37,20
2268,356.99,9,5
2269,257.4,31,0
2270,393.47,2,10
2271,469.73,35,20
2272,417.51,30,10
2273,103.02,39,30
2274,283.61,3,5
2275,161.42,1,20
2276,65.76,6,30
2277,303.32,34,0
2278,443.73,35,30
2279,147.4,5,5
2280,269.62,36,15
2281,270.62,43,0
2282,101.53,13,20
2283,93.45,28,5
2284,241.73,23,20
2285,81.6,33,15
2286,69.35,19,5
2287,390.12,5,30
2288,223.47,3,20
2289,103.53,34,0
2290,301.88,9,5
2291,289.16,46,5
2292,88.45,27,15
2293,283.85,7,0
2294,444.36,41,15
2295,240.08,39,30
2296,68.31,13,20
2297,488.85,30,30
2298,396.19,39,0
2299,459.78,33,30
2300,345.7,11,5
2301,53.79,15,30
2302,140.0,43,5
2303,468.48,31,5
2304,163.75,13,0
2305,320.85,30,30
2306,458.79,27,15
2307,29.86,23,15
2308,462.28,34,0
2309,405.67,45,5
2310,26.6,13,5
2311,96.22,43,5
2312,436.45,34,0
2313,396.74,13,30
2314,418.29,20,30
2315,23.59,22,20
2316,494.26,36,20
2317,225.64,3,30
2318,442.18,3,0
2319,499.9,34,30
2320,68.19,26,30
2321,86.23,3,20
2322,85.89,9,30
2323,239.69,13,30
2324,188.02,26,20
2325,145.33,47,15
2326,305.1,39,15
2327,321.49,44,5
2328,257.61,38,5
2329,88.73,50,10
2330,20.34,43,30
2331,478.98,48,20
2332,42.34,20,10
2333,61.43,9,0
2334,66.38,41,15
2335,61.44,45,15
2336,268.06,36,0
2337,53.38,13,5
2338,223.41,6,10
2339,307.08,27,0
2340,117.51,20,30
2341,179.53,22,20
2342,391.9,13,0
2343,65.98,12,20
2344,443.02,49,5
2345,276.07,26,15
2346,127.63,15,5
2347,254.23,9,15
2348,16.05,50,10
2349,300.2,28,20
2350,175.17,3,10
2351,40.1,3,0
2352,125.83,4,15
2353,248.43,22,0
2354,493.25,27,0
2355,157.13,8,0
2356,200.02,34,20
2357,294.38,17,15
2358,296.52,43,5
2359,285.75,34,10
2360,340.76,35,15
2361,443.05,36,15
2362,200.71,10,5
2363,131.81,25,0
2364,28.56,12,10
2365,154.65,3,10
2366,307.53,32,0
2367,202.59,40,10
2368,123.97,13,10
2369,332.03,44,15
2370,81.1,1,0
2371,300.14,39,0
2372,334.1,45,30
2373,239.89,33,30
2374,194.33,23,10
2375,478.78,40,10
2376,286.56,39,10
2377,101.09,4,5
2378,21.16,24,5
2379,198.03,26,15
2380,142.17,41,5
2381,209.64,49,10
2382,162.63,41,30
2383,128.97,19,5
2384,53.71,1,20
2385,23.95,20,20
2386,282.17,35,10
2387,396.81,20,0
2388,206.71,16,5
2389,91.01,47,20
2390,268.24,4,15
2391,279.23,36,20
2392,443.19,26,15
2393,499.59,31,0
2394,133.29,16,0
2395,328.58,19,0
2396,119.71,29,0
2397,282.58,33,30
2398,384.46,25,5
2399,33.28,14,5
2400,398.99,6,0
2401,218.21,35,0
2402,224.01,16,5
2403,149.4,42,0
2404,365.09,48,15
2405,442.38,7,20
2406,162.78,11,30
2407,79.22,11,15
2408,66.24,15,10
2409,198.09,38,10
2410,494.43,37,20
2411,408.74,33,15
2412,438.92,22,30
2413,136.58,22,10
2414,392.84,6,20
2415,328.25,39,0
2416,108.12,8,30
2417,236.24,16,20
2418,417.14,45,0
2419,188.26,49,10
2420,471.14,17,30
2421,384.16,42,10
2422,476.74,48,15
2423,331.6,47,10
2424,332.4,36,30
2425,33.01,21,0
2426,71.37,22,15
2427,92.08,13,30
2428,194.11,16,20
2429,89.47,43,5
2430,137.98,27,15
2431,114.9,7,20
2432,491.18,35,30
2433,309.62,39,5
2434,472.69,21,10
2435,142.71,44,5
2436,22.92,7,30
2437,238.26,20,5
2438,81.79,22,15
2439,148.2,30,15
2440,120.09,36,20
2441,66.6,40,15
2442,184.38,29,15
2443,386.86,50,0
2444,222.71,10,30
2445,365.1,41,0
2446,121.01,46,30
2447,137.36,48,30
2448,297.75,31,0
2449,52.05,8,30
2450,133.64,17,10
2451,315.46,15,15
2452,38.52,17,20
2453,407.63,18,0
2454,284.73,28,0
2455,15.24,50,10
2456,186.8,15,30
2457,472.71,24,30
2458,489.05,15,10
2459,458.08,32,30
2460,98.05,32,0
2461,320.72,5,5
2462,134.06,36,5
2463,18.12,32,10
2464,35.87,23,15
2465,398.13,17,30
2466,81.85,20,30
2467,220.95,31,5
2468,42.84,6,0
2469,80.97,9,0
2470,490.69,12,10
2471,296.76,42,0
2472,249.45,24,0
2473,184.9,10,30
2474,177.28,10,15
2475,240.93,26,20
2476,271.65,24,0
2477,314.43,27,20
2478,116.41,44,10
2479,242.11,35,0
2480,20.51,29,10
2481,16.28,16,0
2482,184.93,49,15
2483,479.2,14,10
2484,262.85,2,5
2485,259.1,29,20
2486,99.11,11,5
2487,184.25,2,15
2488,209.62,47,5
2489,214.81,14,30
2490,330.84,11,15
2491,13.78,21,10
2492,476.76,45,30
2493,9.96,9,20
2494,434.93,28,30
2495,494.14,36,15
2496,221.08,14,5
2497,276.26,7,20
2498,13.96,34,15
2499,200.49,41,5
2500,452.5,26,15
2501,19.48,29,15
2502,386.3,30,0
2503,46.73,23,30
2504,273.38,37,30
2505,369.9,25,10
2506,47.72,18,10
2507,197.08,10,30
2508,232.17,4,5
2509,158.09,31,5
2510,488.75,20,0
2511,108.38,42,0
2512,355.12,3,20
2513,265.14,45,30
2514,93.12,36,15
2515,481.14,40,10
2516,34.07,44,20
2517,489.34,8,10
2518,238.68,30,0
2519,446.46,17,10
2520,5.29,16,5
2521,385.2,46,15
2522,269.75,46,10
2523,16.99,33,10
2524,99.39,34,20
2525,240.53,49,20
2526,285.11,19,15
2527,120.27,30,10
2528,172.23,4,20
2529,269.09,1,30
2530,93.58,41,0
2531,99.66,5,15
2532,210.86,1,5
2533,68.91,1,0
2534,20.44,19,30
2535,280.42,1,0
2536,45.68,42,15
2537,173.49,35,15
2538,27.19,24,0
2539,308.63,20,5
2540,28.07,5,5
2541,425.68,42,15
2542,469.36,30,30
2543,434.7,29,10
2544,490.51,31,5
2545,459.46,14,30
2546,313.78,42,5
2547,218.28,1,15
2548,490.83,14,30
2549,29.25,13,5
2550,172.86,46,5
2551,259.79,11,10
2552,499.57,38,10
2553,199.97,43,20
2554,218.15,26,5
2555,271.98,8,0
2556,463.31,33,30
2557,105.83,3,30
2558,462.59,30,15
2559,75.36,30,10
2560,299.8,27,30
2561,212.32,26,20
2562,141.21,6,15
2563,331.28,14,20
2564,118.83,38,15
2565,5.36,4,0
2566,323.57,23,10
2567,461.09,25,0
2568,479.79,37,30
2569,452.63,30,30
2570,225.54,9,20
2571,399.32,19,20
2572,304.1,42,5
2573,182.45,40,10
2574,241.12,28,15
2575,74.3,40,0
2576,399.52,42,0
2577,7.95,3,30
2578,414.65,30,10
2579,447.36,13,20
2580,432.44,23,0
2581,375.74,41,10
2582,406.34,5,10
2583,288.23,31,10
2584,320.15,19,0
2585,392.05,12,0
2586,165.01,39,0
2587,186.9,23,10
2588,171.13,27,10
2589,231.46,9,5
2590,382.2,14,15
2591,33.76,7,30
2592,121.37,22,30
2593,81.99,31,0
2594,157.26,43,0
2595,236.04,4,20
2596,118.14,40,5
2597,30.86,18,10
2598,270.16,31,5
2599,51.71,7,15
2600,108.64,11,0
2601,109.8,49,20
2602,443.24,1,10
2603,183.83,47,20
2604,265.44,35,30
2605,398.16,22,20
2606,129.66,28,30
2607,416.92,44,20
2608,226.75,9,10
2609,181.57,36,20
2610,44.43,37,30
2611,86.53,23,0
2612,263.64,49,15
2613,386.28,27,15
2614,58.25,12,15
2615,286.73,19,30
2616,191.66,50,10
2617,317.79,41,15
2618,135.23,39,20
2619,199.79,42,5
2620,227.2,8,0
2621,147.94,42,20
2622,417.51,32,0
2623,446.28,22,10
2624,243.76,13,30
2625,429.56,35,0
2626,171.12,9,15
2627,378.95,45,30
2628,348.21,30,10
2629,375.18,8,5
2630,268.5,6,0
2631,346.42,16,5
2632,453.63,28,5
2633,112.28,38,5
2634,379.66,36,10
2635,113.03,11,20
2636,359.77,4,30
2637,23.67,47,20
2638,163.26,36,5
2639,361.44,15,20
2640,138.42,22,10
2641,379.56,39,10
2642,282.38,9,5
2643,389.71,23,0
2644,328.64,39,30
2645,342.52,30,0
2646,439.94,17,30
2647,130.31,28,30
2648,443.03,42,30
2649,442.68,33,20
2650,480.34,47,30
2651,97.47,11,30
2652,54.79,5,0
2653,95.14,35,15
2654,177.35,13,20
2655,444.27,41,30
2656,325.59,1,0
2657,490.55,22,10
2658,420.74,16,10
2659,228.08,14,30
2660,358.6,27,0
2661,93.61,13,5
2662,382.25,8,15
2663,460.47,2,30
2664,346.77,35,30
2665,259.27,42,10
2666,337.5,6,30
2667,99.13,25,0
2668,302.16,16,0
2669,485.85,44,10
2670,239.33,9,15
2671,394.17,44,5
2672,139.53,20,20
2673,110.58,5,30
2674,29.99,17,20
2675,312.04,35,0
2676,423.6,13,10
2677,107.46,28,30
2678,451.93,28,15
2679,256.84,22,0
2680,474.57,4,30
2681,427.32,47,20
2682,421.23,12,20
2683,296.42,2,10
2684,352.5,41,20
2685,134.08,24,15
2686,252.02,5,20
2687,233.37,7,5
2688,43.02,34,30
2689,334.37,50,20
2690,80.32,27,15
2691,208.41,34,5
2692,482.8,3,10
2693,442.96,18,15
2694,97.11,24,0
2695,29.34,44,20
2696,394.48,17,30
2697,76.37,34,30
2698,149.47,24,10
2699,243.04,41,15
2700,91.72,12,20
2701,66.33,42,15
2702,108.51,12,5
2703,166.48,28,15
2704,82.51,21,5
2705,428.59,24,0
2706,320.57,4,5
2707,479.87,5,30
2708,164.64,37,10
2709,456.3,34,5
2710,321.54,23,0
2711,435.36,45,5
2712,182.57,48,5
2713,494.05,26,5
2714,420.5,26,20
2715,183.07,36,30
2716,462.4,41,20
2717,52.39,28,30
2718,452.87,29,10
2719,181.5,9,30
2720,157.42,23,5
2721,149.35,30,0
2722,472.53,7,15
2723,253.75,39,0
2724,397.94,30,10
2725,369.88,31,5
2726,326.8,44,15
2727,296.26,15,20
2728,170.25,27,30
2729,367.99,33,5
2730,441.06,24,5
2731,65.6,40,30
2732,205.2,12,30
2733,193.7,21,15
2734,152.24,31,30
2735,44.08,4,30
2736,460.91,49,0
2737,129.92,38,5
2738,403.89,14,0
2739,286.75,19,10
2740,208.13,22,5
2741,459.9,15,15
2742,440.18,21,30
2743,216.32,3,5
2744,174.02,43,10
2745,285.63,2,15
2746,189.32,44,30
2747,437.04,38,15
2748,460.05,13,5
2749,171.81,37,5
2750,91.8,40,15
2751,338.7,36,20
2752,5.76,17,30
2753,60.83,4,15
2754,322.55,41,20
2755,134.11,14,15
2756,95.22,10,0
2757,343.48,33,30
2758,111.67,40,0
2759,8.61,42,20
2760,206.02,38,20
2761,25.09,41,15
2762,466.44,37,5
2763,233.97,11,0
2764,370.28,40,5
2765,322.76,4,20
2766,182.55,11,0
2767,189.64,32,5
2768,153.12,43,20
2769,438.47,23,10
2770,43.76,46,0
2771,471.17,19,15
2772,73.12,42,30
2773,76.0,17,0
2774,312.12,47,15
2775,28.82,29,5
2776,471.79,15,15
2777,72.84,30,5
2778,200.09,10,30
2779,270.53,31,0
2780,11.76,2,15
2781,332.04,20,30
2782,265.81,49,0
2783,45.59,4,10
2784,164.74,40,30
2785,293.42,30,10
2786,71.55,23,0
2787,356.67,4,20
2788,103.25,45,20
2789,341.31,20,10
2790,46.16,31,20
2791,401.59,14,30
2792,438.01,40,30
2793,207.4,27,15
2794,410.74,22,20
2795,350.39,8,0
2796,271.63,16,5
2797,95.93,6,0
2798,381.25,1,30
2799,358.61,6,20
2800,472.51,40,30
2801,435.57,20,5
2802,493.39,7,30
2803,333.63,48,0
2804,173.25,44,15
2805,491.48,7,0
2806,316.71,6,0
2807,186.69,14,10
2808,444.36,47,15
2809,148.39,15,20
2810,338.73,28,5
2811,474.68,4,10
2812,5.48,49,20
2813,23.9,22,5
2814,182.99,49,20
2815,243.83,11,5
2816,204.51,5,0
2817,376.98,12,5
2818,466.31,23,10
2819,416.25,44,30
2820,83.78,16,10
2821,368.53,36,15
2822,242.62,18,20
2823,204.44,32,10
2824,41.91,39,20
2825,281.58,17,20
2826,334.2,10,10
2827,481.04,50,20
2828,334.25,44,15
2829,347.19,34,10
2830,474.7,43,0
2831,313.9,45,0
2832,411.29,49,20
2833,46.8,23,30
2834,73.92,7,20
2835,278.73,23,15
2836,141.74,35,20
2837,322.18,38,10
2838,104.02,1,5
2839,194.24,29,20
2840,345.12,20,20
2841,477.76,26,5
2842,426.14,37,15
2843,336.5,32,30
2844,483.69,32,15
2845,336.57,28,15
2846,145.27,19,20
2847,481.0,7,30
2848,452.21,26,15
2849,79.14,34,0
2850,484.01,32,30
2851,140.49,30,20
2852,363.13,49,0
2853,226.8,33,10
2854,326.31,33,20
2855,368.32,43,20
2856,466.89,49,30
2857,383.0,47,10
2858,380.9,31,10
2859,262.34,43,0
2860,323.74,31,0
2861,23.48,4,10
2862,263.71,42,10
2863,94.08,38,10
2864,208.92,44,15
2865,83.55,45,0
2866,148.73,48,10
2867,484.36,38,20
2868,59.01,23,30
2869,50.13,1,15
2870,498.39,50,30
2871,446.09,48,0
2872,239.66,16,15
2873,107.77,7,15
2874,249.21,46,30
2875,281.76,15,15
2876,494.58,18,15
2877,343.95,49,5
2878,496.58,49,20
2879,106.6,50,30
2880,453.43,34,20
2881,58.71,25,10
2882,285.49,6,5
2883,10.2,26,20
2884,88.14,28,20
2885,199.29,19,10
2886,359.03,6,15
2887,374.37,49,30
2888,369.44,12,0
2889,254.61,47,15
2890,78.83,50,5
2891,354.58,13,5
2892,22.61,30,20
2893,438.66,46,30
2894,295.75,15,5
2895,74.05,32,20
2896,334.37,44,0
2897,475.03,5,5
2898,49.83,48,30
2899,468.99,1,0
2900,483.39,10,0
2901,170.91,2,30
2902,17.99,50,20
2903,446.99,31,10
2904,369.49,19,15
2905,147.33,48,0
2906,138.53,28,10
2907,440.9,40,5
2908,304.79,36,5
2909,90.93,32,5
2910,273.81,33,10
2911,454.65,24,30
2912,477.79,23,0
2913,88.83,33,15
2914,445.97,1,15
2915,434.48,5,20
2916,154.69,50,5
2917,49.38,37,20
2918,292.09,37,30
2919,165.8,3,10
2920,19.28,27,10
2921,181.89,38,20
2922,265.22,38,20
2923,389.54,3,5
2924,83.13,40,5
2925,20.29,28,10
2926,359.78,4,10
2927,52.76,7,0
2928,360.65,2,5
2929,213.2,10,20
2930,221.95,2,10
2931,163.85,29,5
2932,488.64,15,15
2933,33.0,7,20
2934,163.93,27,20
2935,231.47,26,15
2936,180.09,14,30
2937,352.49,26,10
2938,144.65,46,15
2939,208.24,3,20
2940,347.59,13,0
2941,11.34,1,5
2942,310.95,25,5
2943,493.89,44,20
2944,298.61,30,10
2945,30.72,15,0
2946,224.15,50,15
2947,49.79,23,15
2948,10.55,17,30
2949,126.66,2,10
2950,205.36,24,10
2951,163.01,41,15
2952,360.99,43,0
2953,292.38,45,10
2954,25.46,45,15
2955,311.51,23,30
2956,210.99,31,15
2957,49.11,50,30
2958,93.45,15,20
2959,356.56,31,15
2960,276.32,8,0
2961,394.1,11,10
2962,202.11,21,5
2963,482.86,46,10
2964,106.38,50,0
2965,404.44,47,0
2966,431.38,36,15
2967,116.22,13,0
2968,225.73,27,0
2969,185.15,4,0
2970,330.14,38,10
2971,297.77,8,30
2972,199.38,42,15
2973,204.88,47,10
2974,38.16,21,30
2975,35.76,20,15
2976,57.82,33,15
2977,220.78,30,30
2978,378.02,37,15
2979,128.0,11,0
2980,137.28,2,5
2981,168.16,26,0
2982,243.8,36,0
2983,431.29,19,10
2984,101.81,22,30
2985,68.79,48,5
2986,43.41,8,15
2987,156.84,35,0
2988,151.3,14,30
2989,440.06,44,15
2990,90.31,19,0
2991,149.11,48,15
2992,71.14,8,15
2993,394.81,37,5
2994,475.51,11,5
2995,57.12,9,5
2996,143.03,30,5
2997,270.17,42,0
2998,101.2,8,30
2999,39.12,14,20
3000,299.06,10,5
3001,183.61,20,15
3002,399.9,13,5
3003,68.39,13,20
3004,192.5,37,15
3005,32.14,43,15
3006,483.4,26,30
3007,77.6,30,10
3008,452.15,45,5
3009,271.32,4,30
3010,13.93,15,30
3011,482.12,19,10
3012,325.07,31,0
3013,386.26,36,20
3014,175.39,15,0
3015,161.95,17,10
3016,97.33,29,5
3017,204.24,44,15
3018,107.42,6,0
3019,160.43,2,10
3020,480.91,10,15
3021,399.96,33,30
3022,203.91,9,20
3023,354.76,2,5
3024,214.26,33,5
3025,234.0,34,0
3026,325.67,17,30
3027,214.98,22,10
3028,387.17,8,0
3029,332.6,38,30
3030,412.95,9,30
3031,16.66,33,5
3032,377.79,47,30
3033,451.6,32,15
3034,418.67,42,15
3035,414.86,45,10
3036,54.97,49,30
3037,356.55,2,5
3038,385.63,20,0
3039,320.93,46,30
3040,296.34,6,10
3041,458.48,14,15
3042,7.08,38,10
3043,118.4,5,15
3044,347.66,47,30
3045,423.82,35,20
3046,495.47,3,5
3047,27.35,43,10
3048,462.33,39,10
3049,403.51,41,15
3050,394.19,30,0
3051,262.95,18,15
3052,336.05,15,10
3053,393.99,22,10
3054,93.26,26,20
3055,94.26,18,10
3056,481.67,16,0
3057,297.77,4,10
3058,389.46,42,0
3059,440.13,16,0
3060,142.48,11,30
3061,83.22,19,0
3062,159.21,15,10
3063,230.54,7,20
3064,462.25,8,10
3065,103.1,7,0
3066,236.0,3,0
3067,116.76,5,30
3068,104.29,28,5
3069,16.15,39,0
3070,232.48,16,30
3071,481.11,22,30
3072,38.81,32,10
3073,157.99,30,30
3074,69.23,11,5
3075,329.59,26,5
3076,262.62,37,20
3077,360.31,17,30
3078,39.77,45,10
3079,170.8,16,10
3080,228.24,22,0
3081,271.78,7,15
3082,124.15,35,0
3083,91.39,7,15
3084,122.93,28,0
3085,92.1,8,15
3086,165.82,12,5
3087,171.53,39,5
3088,429.07,46,10
3089,22.05,14,20
3090,479.46,6,15
3091,30.44,48,20
3092,46.05,41,30
3093,475.41,20,15
3094,36.07,13,20
3095,334.66,41,10
3096,29.74,11,15
3097,458.38,16,30
3098,274.25,30,0
3099,132.89,2,30
3100,45.04,48,5
3101,133.39,37,5
3102,436.21,24,30
3103,395.96,5,10
3104,137.36,27,20
3105,288.75,28,10
3106,415.29,16,5
3107,195.62,46,0
3108,173.58,23,30
3109,91.52,46,15
3110,424.72,8,10
3111,418.53,24,15
3112,365.56,31,20
3113,79.14,4,30
3114,435.86,36,0
3115,249.53,12,0
3116,326.11,2,15
3117,169.49,36,5
3118,234.03,34,15
3119,40.19,8,0
3120,174.58,7,15
3121,429.3,31,10
3122,93.28,3,10
3123,104.64,15,5
3124,56.11,43,10
3125,182.65,41,0
3126,254.76,7,5
3127,376.54,43,20
3128,288.32,8,10
3129,162.24,4,30
3130,408.51,14,15
3131,269.27,4,20
3132,211.99,7,5
3133,33.38,17,5
3134,432.53,10,20
3135,212.92,22,10
3136,475.88,18,0
3137,123.13,43,20
3138,129.46,31,0
3139,338.78,33,30
3140,482.26,16,5
3141,28.86,48,30
3142,265.33,19,10
3143,416.11,42,20
3144,481.88,35,10
3145,207.29,8,15
3146,246.03,26,0
3147,259.38,15,15
3148,327.91,21,5
3149,232.33,10,15
3150,264.6,9,0
3151,432.34,30,10
3152,375.25,38,5
3153,404.97,42,20
3154,22.63,46,15
3155,24.69,29,30
3156,254.58,19,20
3157,352.5,16,5
3158,229.1,24,10
3159,246.24,13,20
3160,242.04,38,10
3161,313.04,10,5
3162,176.88,24,15
3163,18.15,36,10
3164,391.29,29,30
3165,176.49,40,0
3166,94.58,2,30
3167,414.42,15,20
3168,297.01,43,10
3169,67.62,19,15
3170,7.72,28,10
3171,119.29,17,15
3172,255.01,38,0
3173,68.04,1,0
3174,266.99,26,5
3175,455.31,50,30
3176,329.15,13,30
3177,457.93,21,0
3178,381.36,27,15
3179,290.78,45,5
3180,410.47,18,5
3181,93.32,43,20
3182,402.63,40,30
3183,143.33,27,20
3184,163.22,15,30
3185,14.43,41,15
3186,151.98,43,0
3187,479.84,45,15
3188,216.93,2,20
3189,287.04,19,5
3190,261.85,10,5
3191,412.79,36,30
3192,179.48,6,0
3193,170.73,17,10
3194,144.77,13,5
3195,213.71,46,30
3196,415.76,33,15
3197,46.56,21,15
3198,86.09,47,5
3199,186.31,43,5
3200,201.38,41,20
3201,454.98,20,5
3202,268.82,47,0
3203,125.09,22,30
3204,299.79,26,15
3205,367.27,18,15
3206,402.07,19,20
3207,52.19,14,15
3208,368.51,21,20
3209,374.41,8,10
3210,97.06,44,15
3211,499.74,8,10
3212,196.75,43,20
3213,440.45,9,10
3214,292.78,43,10
3215,98.13,27,15
3216,175.97,2,20
3217,92.54,13,15
3218,109.35,4,15
3219,86.08,20,20
3220,40.66,8,30
3221,487.03,37,20
3222,53.38,24,30
3223,394.35,41,30
3224,412.18,38,5
3225,475.26,28,10
3226,379.51,35,0
3227,344.0,18,15
3228,272.81,23,15
3229,368.21,11,10
3230,237.58,21,0
3231,103.15,32,0
3232,131.71,31,15
3233,221.44,22,5
3234,469.09,41,0
3235,215.18,40,0
3236,424.49,9,15
3237,98.74,23,20
3238,152.6,11,10
3239,52.95,47,15
3240,194.23,14,20
3241,355.55,26,20
3242,361.89,29,0
3243,431.43,24,10
3244,337.27,8,15
3245,425.4,17,0
3246,296.04,24,15
3247,178.43,43,30
3248,279.89,24,20
3249,351.39,30,15
3250,403.98,50,20
3251,16.9,26,30
3252,398.49,39,20
3253,470.0,43,30
3254,101.7,48,5
3255,75.13,33,15
3256,257.97,22,10
3257,222.45,49,5
3258,210.56,27,30
3259,88.19,14,10
3260,88.77,16,20
3261,25.09,22,10
3262,297.13,17,15
3263,455.03,29,0
3264,400.3,23,10
3265,395.49,11,15
3266,404.39,11,5
3267,277.42,28,0
3268,162.09,50,10
3269,95.18,11,20
3270,493.73,30,15
3271,155.49,23,15
3272,446.87,14,20
3273,397.47,37,15
3274,81.56,21,20
3275,476.16,10,20
3276,354.79,20,10
3277,428.9,17,10
3278,353.8,46,10
3279,7.06,37,5
3280,255.82,45,30
3281,36.35,47,15
3282,156.52,34,15
3283,349.3,36,5
3284,297.14,26,10
3285,297.14,14,15
3286,128.53,12,20
3287,415.04,14,0
3288,390.95,26,10
3289,17.94,31,20
3290,317.96,22,15
3291,27.6,16,10
3292,303.49,27,30
3293,293.41,18,10
3294,109.89,22,5
3295,424.99,25,30
3296,398.73,30,15
3297,65.88,8,30
3298,43.1,34,20
3299,11.32,30,15
3300,377.34,28,15
3301,338.11,13,5
3302,160.32,7,30
3303,351.44,23,10
3304,209.05,18,30
3305,400.65,42,0
3306,253.39,8,0
3307,120.73,12,0
3308,37.38,14,5
3309,225.87,3,0
3310,218.38,48,10
3311,380.77,46,10
3312,417.98,20,30
3313,141.91,7,15
3314,331.28,9,15
3315,34.48,39,0
3316,130.31,6,30
3317,295.1,4,15
3318,348.98,18,30
3319,369.83,5,0
3320,118.1,32,10
3321,271.18,35,10
3322,422.01,13,15
3323,44.43,4,30
3324,270.48,10,5
3325,367.95,39,5
3326,355.36,5,30
3327,205.71,10,0
3328,459.59,3,10
3329,124.09,1,30
3330,108.44,25,5
3331,74.12,10,30
3332,96.09,27,20
3333,155.13,47,30
3334,197.66,32,0
3335,69.19,29,10
3336,141.5,41,10
3337,392.92,17,10
3338,99.26,14,20
3339,301.68,44,0
3340,82.6,6,30
3341,385.24,29,20
3342,302.46,25,0
3343,414.12,35,10
3344,444.75,26,5
3345,13.45,15,15
3346,251.02,3,10
3347,124.37,18,15
3348,348.56,37,15
3349,343.39,48,5
3350,106.74,7,15
3351,124.68,18,30
3352,184.34,25,30
3353,234.88,45,30
3354,442.57,4,20
3355,375.21,49,30
3356,186.84,50,15
3357,234.7,8,20
3358,105.5,5,20
3359,40.3,37,0
3360,118.3,49,10
3361,96.05,7,20
3362,446.12,45,5
3363,285.25,38,0
3364,423.54,25,30
3365,395.13,18,20
3366,479.64,8,20
3367,361.53,49,5
3368,292.39,50,5
3369,341.63,50,20
3370,172.48,23,30
3371,386.32,5,10
3372,105.54,22,30
3373,302.19,22,0
3374,281.05,47,15
3375,150.1,12,30
3376,201.83,23,30
3377,421.76,15,10
3378,302.05,48,15
3379,376.79,1,10
3380,60.75,18,15
3381,392.31,39,20
3382,335.18,9,20
3383,307.45,31,15
3384,238.22,19,10
3385,237.23,29,0
3386,484.29,25,30
3387,102.14,48,0
3388,96.55,9,15
3389,130.61,50,0
3390,344.72,32,10
3391,482.36,1,30
3392,124.4,8,5
3393,60.42,18,0
3394,65.8,11,30
3395,149.73,20,30
3396,145.53,16,5
3397,286.34,41,15
3398,70.01,20,0
3399,147.16,30,5
3400,12.0,50,0
3401,66.36,21,5
3402,7.48,28,0
3403,320.56,11,20
3404,37.61,25,0
3405,420.93,11,0
3406,95.0,36,0
3407,45.35,16,15
3408,404.46,6,5
3409,444.3,42,5
3410,270.18,44,20
3411,38.66,36,5
3412,32.02,15,30
3413,128.07,48,5
3414,278.17,15,10
3415,404.8,38,30
3416,5.21,28,15
3417,71.02,38,10
3418,35.99,43,15
3419,106.88,13,5
3420,382.35,44,20
3421,111.12,23,20
3422,430.09,18,0
3423,324.12,15,10
3424,223.98,35,15
3425,482.4,27,15
3426,128.15,47,20
3427,25.18,16,30
3428,325.46,49,10
3429,327.77,50,15
3430,386.51,1,10
3431,391.38,45,0
3432,121.66,29,10
3433,147.92,19,10
3434,52.21,44,0
3435,208.21,9,10
3436,109.54,25,10
3437,205.7,46,10
3438,495.77,43,0
3439,121.51,34,5
3440,309.53,26,10
3441,239.58,25,20
3442,22.95,31,10
3443,188.58,23,10
3444,391.32,40,20
3445,498.11,16,0
3446,49.57,8,15
3447,163.86,30,0
3448,410.92,47,10
3449,211.26,8,15
3450,14.08,44,20
3451,197.39,38,20
3452,214.84,14,30
3453,257.35,8,15
3454,197.47,27,0
3455,278.32,15,30
3456,112.44,2,0
3457,188.46,41,10
3458,238.42,12,30
3459,246.93,24,5
3460,328.55,12,0
3461,343.9,42,15
3462,443.28,4,5
3463,360.87,41,0
3464,201.14,15,20
3465,494.1,41,20
3466,201.52,46,0
3467,359.04,16,0
3468,14.53,48,5
3469,30.8,18,20
3470,148.38,25,20
3471,109.64,8,5
3472,19.44,17,5
3473,346.66,36,5
3474,26.12,6,10
3475,359.46,27,20
3476,81.36,28,5
3477,293.79,6,20
3478,443.52,20,10
3479,7.0,20,30
3480,233.22,11,0
3481,166.44,1,20
3482,52.43,12,5
3483,278.97,34,15
3484,337.29,35,20
3485,37.09,29,0
3486,102.36,33,0
3487,342.71,32,5
3488,418.0,15,15
3489,407.43,30,30
3490,39.26,12,10
3491,471.78,13,10
3492,194.95,20,20
3493,142.5,47,0
3494,210.09,4,5
3495,317.77,21,15
3496,181.75,15,15
3497,425.84,34,15
3498,297.84,39,20
3499,135.37,2,15
3500,66.12,19,20
3501,73.5,17,10
3502,318.94,1,20
3503,478.53,20,0
3504,200.88,30,5
3505,435.53,8,30
3506,50.97,44,30
3507,344.92,49,10
3508,62.98,16,5
3509,320.73,26,10
3510,403.55,32,20
3511,347.0,43,10
3512,40.96,23,15
3513,326.05,20,0
3514,314.61,23,10
3515,223.61,46,0
3516,88.23,39,10
3517,36.23,2,5
3518,361.82,38,20
3519,235.29,23,15
3520,365.17,33,15
3521,436.86,49,5
3522,134.82,22,10
3523,218.68,7,30
3524,268.1,49,10
3525,455.08,42,30
3526,389.35,17,0
3527,443.61,23,5
3528,370.67,28,10
3529,268.93,31,15
3530,20.7,37,10
3531,464.1,10,15
3532,355.08,8,15
3533,270.86,24,10
3534,350.87,1,5
3535,38.4,12,5
3536,164.34,41,5
3537,198.74,23,30
3538,307.04,24,5
3539,230.9,13,20
3540,287.47,20,10
3541,202.85,37,0
3542,409.94,50,10
3543,250.83,2,20
3544,458.07,20,15
3545,24.63,10,15
3546,356.66,31,30
3547,231.59,46,15
3548,412.98,10,20
3549,159.18,21,15
3550,442.35,32,20
3551,348.84,7,15
3552,492.3,6,20
3553,28.95,16,5
3554,38.47,9,15
3555,128.21,35,15
3556,23.28,26,0
3557,146.89,33,15
3558,487.8,5,20
3559,124.43,13,20
3560,477.5,16,20
3561,306.88,37,5
3562,16.65,30,0
3563,162.4,31,10
3564,310.6,24,20
3565,391.12,23,30
3566,312.99,26,10
3567,310.38,32,30
3568,148.84,17,10
3569,259.96,17,30
3570,234.82,47,20
3571,256.89,28,20
3572,402.3,49,10
3573,94.17,22,20
3574,397.96,10,10
3575,405.51,21,30
3576,487.21,31,30
3577,195.94,10,0
3578,182.88,13,5
3579,376.25,1,10
3580,464.28,14,0
3581,147.57,47,30
3582,103.73,30,10
3583,23.32,32,10
3584,437.87,30,15
3585,25.41,39,5
3586,220.04,21,20
3587,385.48,31,10
3588,250.05,10,0
3589,381.96,10,15
3590,280.22,47,30
3591,397.8,10,30
3592,176.44,17,15
3593,256.89,3,15
3594,289.44,33,20
3595,215.86,33,10
3596,229.65,19,30
3597,393.26,44,5
3598,497.43,38,20
3599,360.91,17,30
3600,197.83,47,20
3601,105.97,48,20
3602,404.16,16,15
3603,387.41,30,10
3604,142.49,42,30
3605,438.07,47,5
3606,33.75,38,0
3607,85.01,23,15
3608,139.18,37,20
3609,185.42,50,15
3610,338.11,17,20
3611,273.52,28,20
3612,164.99,34,15
3613,289.56,18,10
3614,287.78,5,15
3615,431.63,18,20
3616,212.94,44,15
3617,348.21,21,10
3618,336.42,35,30
3619,171.21,1,10
3620,409.62,3,20
3621,161.48,25,0
3622,405.17,17,20
3623,32.66,36,15
3624,314.56,28,0
3625,402.94,18,0
3626,35.62,46,5
3627,272.38,5,15
3628,34.9,14,15
3629,306.52,37,30
3630,332.0,39,15
3631,439.61,22,10
3632,484.42,11,5
3633,224.67,21,5
3634,345.32,28,0
3635,84.72,46,10
3636,456.08,36,0
3637,450.18,28,5
3638,485.29,38,15
3639,180.14,49,0
3640,234.11,42,5
3641,47.0,19,30
3642,150.68,4,5
3643,404.55,28,20
3644,15.58,49,10
3645,191.1,35,0
3646,170.67,14,0
3647,97.52,32,20
3648,423.98,6,0
3649,402.13,31,5
3650,177.38,45,20
3651,104.03,43,5
3652,263.36,6,10
3653,434.26,36,10
3654,211.09,37,30
3655,290.23,41,5
3656,359.91,27,20
3657,487.9,6,5
3658,108.78,49,20
3659,355.58,9,30
3660,496.12,33,30
3661,144.51,11,15
3662,304.53,25,5
3663,85.67,11,30
3664,386.24,49,0
3665,423.78,11,30
3666,465.34,27,20
3667,102.11,38,20
3668,84.8,14,30
3669,282.96,24,0
3670,209.57,23,30
3671,12.98,50,30
3672,295.3,42,5
3673,326.95,40,30
3674,337.12,21,30
3675,40.38,8,15
3676,210.01,24,5
3677,449.84,5,5
3678,351.27,11,20
3679,276.62,8,10
3680,64.91,7,30
3681,455.93,18,20
3682,410.84,20,30
3683,164.79,6,20
3684,495.04,3,30
3685,40.64,32,5
3686,148.92,46,5
3687,232.01,17,0
3688,386.68,9,10
3689,241.76,31,20
3690,142.27,25,0
3691,329.87,29,20
3692,484.44,47,15
3693,215.46,10,30
3694,282.52,22,30
3695,323.07,8,0
3696,254.45,20,15
3697,278.54,31,0
3698,480.93,16,0
3699,419.57,46,10
3700,434.78,28,0
3701,65.32,40,20
3702,245.38,7,20
3703,465.52,49,15
3704,315.47,38,15
3705,142.49,25,20
3706,295.56,49,10
3707,49.33,12,10
3708,459.96,13,20
3709,43.46,29,20
3710,404.28,48,10
3711,311.08,40,20
3712,323.07,48,0
3713,416.87,36,5
3714,30.48,4,20
3715,402.28,17,10
3716,371.83,23,30
3717,116.25,39,5
3718,272.04,14,15
3719,429.27,4,10
3720,463.2,9,10
3721,483.64,19,30
3722,239.78,18,10
3723,30.98,15,5
3724,335.57,44,5
3725,19.38,26,20
3726,231.39,50,10
3727,406.69,14,0
3728,215.39,26,20
3729,119.47,7,5
3730,407.78,9,10
3731,333.02,35,0
3732,290.22,27,15
3733,175.03,42,20
3734,336.62,41,5
3735,61.16,8,20
3736,91.16,5,20
3737,352.46,13,10
3738,145.56,41,0
3739,32.8,40,20
3740,474.52,36,5
3741,224.65,21,20
3742,428.49,44,15
3743,102.3,13,20
3744,426.88,25,0
3745,17.49,45,10
3746,354.72,34,0
3747,385.88,31,15
3748,55.11,12,5
3749,126.68,33,5
3750,491.59,9,0
3751,47.12,49,20
3752,191.67,25,10
3753,230.32,10,30
3754,311.0,47,15
3755,72.03,19,10
3756,405.78,3,0
3757,182.66,4,15
3758,422.95,30,20
3759,275.65,26,0
3760,416.46,46,30
3761,217.09,21,10
3762,416.56,5,5
3763,190.54,40,10
3764,168.43,31,30
3765,424.5,32,10
3766,167.63,28,20
3767,13.91,42,20
3768,288.1,14,10
3769,172.2,40,30
3770,312.23,38,30
3771,58.82,44,5
3772,247.76,8,30
3773,202.27,10,15
3774,293.37,13,10
3775,443.03,38,5
3776,247.64,31,15
3777,40.16,4,30
3778,159.06,25,10
3779,421.44,24,10
3780,220.59,47,20
3781,213.73,42,20
3782,446.17,16,10
3783,189.57,8,15
3784,430.16,28,30
3785,40.98,42,15
3786,368.46,15,20
3787,49.31,26,5
3788,70.8,36,10
3789,46.64,18,15
3790,104.13,7,10
3791,30.6,11,20
3792,383.65,4,10
3793,428.78,40,15
3794,395.35,14,30
3795,108.75,16,30
3796,341.92,8,20
3797,47.62,39,0
3798,6.61,40,15
3799,52.3,7,30
3800,313.07,37,20
3801,64.43,19,15
3802,411.46,5,0
3803,372.04,34,15
3804,143.07,41,5
3805,484.21,17,5
3806,389.71,30,5
3807,467.86,44,10
3808,487.43,5,0
3809,25.55,34,5
3810,321.21,31,5
3811,367.89,36,10
3812,469.3,48,5
3813,300.81,24,0
3814,64.37,44,5
3815,11.76,37,0
3816,259.09,24,10
3817,458.98,41,0
3818,366.03,36,30
3819,471.08,18,15
3820,41.73,17,20
3821,190.31,49,0
3822,212.29,24,10
3823,55.83,24,10
3824,205.7,38,5
3825,298.41,7,30
3826,400.48,50,20
3827,377.88,16,30
3828,464.01,18,10
3829,36.53,32,15
3830,27.31,1,10
3831,406.94,16,5
3832,123.59,23,10
3833,330.42,28,0
3834,29.12,18,15
3835,440.34,20,5
3836,173.3,4,5
3837,28.4,33,30
3838,92.54,45,10
3839,346.54,4,30
3840,91.0,16,10
3841,67.25,46,20
3842,302.73,31,20
3843,162.72,15,20
3844,158.33,39,30
3845,215.33,10,10
3846,129.89,39,5
3847,432.69,2,5
3848,466.52,24,20
3849,22.77,37,0
3850,334.47,41,30
3851,299.7,34,30
3852,112.85,28,10
3853,100.34,44,0
3854,359.52,19,10
3855,299.23,10,10
3856,212.43,21,5
3857,489.57,40,15
3858,226.65,3,30
3859,72.09,6,15
3860,23.75,38,5
3861,381.67,15,15
3862,132.27,41,15
3863,252.05,18,0
3864,344.37,8,0
3865,225.65,14,15
3866,243.57,49,10
3867,151.96,5,10
3868,384.23,10,20
3869,137.32,23,20
3870,9.96,30,0
3871,331.86,16,15
3872,103.2,9,0
3873,240.06,41,10
3874,495.59,33,30
3875,317.34,8,0
3876,475.9,38,15
3877,206.18,24,10
3878,182.92,10,5
3879,404.02,28,30
3880,359.8,27,0
3881,482.85,21,10
3882,231.81,8,5
3883,230.81,46,0
3884,254.55,42,15
3885,297.62,33,5
3886,472.81,23,20
3887,82.49,23,30
3888,178.06,18,30
3889,470.54,5,5
3890,272.54,2,0
3891,437.36,23,15
3892,14.65,41,5
3893,49.31,46,10
3894,424.39,20,15
3895,94.07,16,30
3896,221.68,42,15
3897,434.0,5,30
3898,66.39,31,20
3899,35.92,18,30
3900,112.65,23,10
3901,485.13,2,30
3902,368.34,12,15
3903,395.21,6,30
3904,307.26,6,15
3905,300.6,36,15
3906,393.92,19,10
3907,393.37,5,0
3908,353.2,13,0
3909,266.6,38,10
3910,64.06,48,5
3911,77.56,23,5
3912,286.58,44,5
3913,242.44,39,5
3914,405.8,37,30
3915,14.58,11,15
3916,288.76,1,5
3917,269.91,47,5
3918,64.55,14,15
3919,266.85,38,10
3920,387.94,35,15
3921,165.17,46,30
3922,186.65,50,5
3923,400.77,24,30
3924,35.22,9,20
3925,350.22,5,15
3926,132.28,15,0
3927,490.64,48,20
3928,67.96,3,0
3929,359.57,21,15
3930,279.8,23,10
3931,92.08,47,20
3932,20.53,26,15
3933,328.28,49,5
3934,243.58,40,0
3935,274.07,44,0
3936,183.42,6,15
3937,236.76,16,0
3938,366.5,36,30
3939,172.38,47,5
3940,262.7,18,0
3941,88.46,22,5
3942,176.87,44,0
3943,481.07,39,15
3944,472.88,6,5
3945,332.67,28,10
3946,322.61,24,20
3947,292.25,49,5
3948,344.59,5,15
3949,496.78,33,30
3950,495.76,12,10
3951,243.43,38,10
3952,182.09,12,30
3953,165.73,45,0
3954,250.26,19,30
3955,318.81,5,0
3956,174.3,26,10
3957,365.91,24,15
3958,90.36,10,20
3959,392.58,4,0
3960,348.48,23,5
3961,109.58,37,0
3962,285.9,24,0
3963,56.29,19,30
3964,73.98,29,5
3965,186.43,37,20
3966,292.75,12,15
3967,211.2,5,15
3968,248.52,46,10
3969,94.45,50,30
3970,421.05,33,0
3971,415.46,6,10
3972,103.56,12,20
3973,281.96,14,5
3974,297.79,25,15
3975,237.65,50,5
3976,42.62,24,5
3977,214.25,25,20
3978,165.43,1,10
3979,369.36,16,0
3980,494.3,27,20
3981,183.86,47,15
3982,490.46,47,20
3983,16.75,3,20
3984,402.46,34,5
3985,337.27,7,15
3986,107.67,22,20
3987,138.86,16,10
3988,385.69,37,30
3989,359.98,3,0
3990,345.76,31,15
3991,489.37,14,20
3992,386.08,17,0
3993,420.95,15,5
3994,158.43,34,30
3995,485.68,10,0
3996,356.51,17,15
3997,281.68,50,0
3998,119.93,20,30
3999,437.77,40,10
4000,455.39,10,30
